{
  "num_records": 1170,
  "label_counts": {
    "none": 582,
    "contact_open": 413,
    "contact_close": 175
  },
  "train_classification_report": {
    "contact_open": {
      "precision": 0.9623655913978495,
      "recall": 0.8668280871670703,
      "f1-score": 0.9121019108280255,
      "support": 413.0
    },
    "contact_close": {
      "precision": 0.9120879120879121,
      "recall": 0.9485714285714286,
      "f1-score": 0.9299719887955182,
      "support": 175.0
    },
    "none": {
      "precision": 0.8993506493506493,
      "recall": 0.9518900343642611,
      "f1-score": 0.9248747913188647,
      "support": 582.0
    },
    "accuracy": 0.9213675213675213,
    "macro avg": {
      "precision": 0.9246013842788036,
      "recall": 0.9224298500342533,
      "f1-score": 0.9223162303141361,
      "support": 1170.0
    },
    "weighted avg": {
      "precision": 0.9234995314399781,
      "recall": 0.9213675213675213,
      "f1-score": 0.9211284750074954,
      "support": 1170.0
    }
  }
}